User Story,Test Steps,Expected Results
"As a security admin, I want every user who clicks the Report button to receive an acknowledgement (Reporter Thanks Bridge / Playbook P3), so that reporters are never left without confirmation even when the message was already remediated and AIR Auto-Feedback does not fire.","1. Identify a phishing message that has already been remediated (so native AIR Auto-Feedback will not fire).
2. From a test mailbox, click the Report button on that already-remediated message.
3. Confirm the ""Email reported by user"" Sentinel incident is raised.
4. Observe the Logic App (Standard) P3 trigger on that incident.
5. Check the reporter's inbox for the acknowledgement mail.
6. Verify the mail originates from the SOC service mailbox via Graph sendMail.","1. The ""Email reported by user"" Sentinel incident is created.
2. Playbook P3 triggers within the expected window.
3. The reporter receives a ""thanks for reporting"" acknowledgement email even though the message was pre-remediated.
4. The acknowledgement is sent from the SOC service mailbox and renders correctly.
5. No duplicate acknowledgement is sent if AIR Auto-Feedback also fires."
"As a security admin, I want to retroactively pull already-delivered mail when a threat-intel indicator matches beyond ZAP's 48-hour window (TI-Sweep Remediation / Playbook P2), so that I can remediate the over-48h case that ZAP cannot.","1. Seed a known-bad threat-intel indicator (IOC) that matches a message delivered more than 48 hours ago.
2. Wait for (or manually run) the scheduled Sentinel analytics rule (KQL Q5) that joins EmailEvents against TI indicators every 30 min.
3. Confirm an incident is raised.
4. Verify the Logic App posts a Teams approval card.
5. Approve the action from Teams.
6. Confirm the Defender XDR Take Action API soft-delete executes against the matching mail.
7. Verify the IOCs are added to the Tenant Allow/Block List.
8. Repeat with a repeat-bad sender to confirm the auto-approve path.","1. The Q5 analytics rule matches the over-48h delivered mail against the IOC and raises an incident.
2. A Teams approval card is posted to the SOC channel.
3. On approval, the matching mail is soft-deleted via the Take Action API across affected mailboxes.
4. The IOCs are blocked in the Tenant Allow/Block List.
5. For repeat-bad senders, the auto-approve path executes without manual approval.
6. The over-48h message that ZAP could not reach is successfully remediated."
"As a security admin, I want to follow a phish through internal forwards and redirects and pull every internal copy (Forward-Trace Remediation / Playbook P4), so that no internally-forwarded copy of a phish is left behind and external forwards are flagged for follow-up.","1. Deliver a test phish to a mailbox and have the recipient forward/redirect it to several internal mailboxes (including a nested forward).
2. Also forward one copy to an external address.
3. Trigger Playbook P4.
4. Confirm hunting query Q4 enumerates all forwarded internal copies.
5. Verify each internal copy is soft-deleted via the Take Action API.
6. Confirm the second query flags the external forward to the SOC.","1. Q4 enumerates all internal forwarded/redirected copies, including nested forwards.
2. Every internal copy is soft-deleted via the Take Action API.
3. The external forward is detected and flagged to the SOC as a manual follow-up item.
4. The external forward is NOT (and cannot be) pulled, and this residual is clearly surfaced rather than silently dropped."
"As a security admin, I want phish incidents to be remediated end-to-end automatically with the right tool for the volume (Phish-Remediate workhorse / Playbook P1), so that I get TRAP-equivalent automated tenant-wide pulls instead of running the manual Take Action wizard.","1. Raise a phish incident in Sentinel that affects 10 or fewer recipients.
2. Confirm P1 triggers on the incident.
3. Verify recipient enumeration runs (Q1).
4. Confirm the volume switch routes to the direct-API path (10 or fewer).
5. Approve the single-stage approval.
6. Verify Take Action API soft-delete executes tenant-wide.
7. Confirm URL-click correlation runs (Q2).
8. Check the incident comment and Teams summary are posted.","1. P1 triggers on the phish incident.
2. Recipients are correctly enumerated via Q1.
3. The volume switch selects the correct path for 10-or-fewer recipients.
4. After single-stage approval, the message is soft-deleted tenant-wide via the Take Action API.
5. URL-click correlation (Q2) results are captured.
6. An incident comment and Teams summary are posted with the remediation outcome."
"As a security admin, I want large campaigns that exceed direct-API thresholds to be remediated in safe paginated chunks (Phish-Remediate-Bulk / Playbook P1b), so that remediation does not stall on the per-mailbox Compliance Search-Action 10-item cap or the 200-recipient threshold.","1. Raise a phish incident affecting over 200 recipients (or over 10 messages per mailbox).
2. Confirm P1 hands off to P1b via the HTTP-callable entry point.
3. Verify P1b paginates recipients into chunks of 50.
4. Confirm a 12-second inter-chunk delay is applied between chunks.
5. Force a scenario where Take Action is unavailable and confirm fallback to the Compliance Search loop.
6. Verify all recipients across all chunks are remediated.","1. P1 correctly detects the over-threshold volume and hands off to P1b.
2. P1b processes recipients in chunks of 50 with a 12-second delay between chunks.
3. Where Take Action is unavailable, P1b falls back to the Compliance Search loop.
4. The per-mailbox 10-item cap does not cause remediation to stall.
5. Every recipient in the large campaign is remediated with no silent truncation."
"As a security admin, I want external auto-forwarding to be blocked by default and detected in near real time (External auto-forward detection and block / Sentinel rule Q7 plus mail-flow rule), so that the un-closeable external-forward data-leak class is mitigated.","1. As a test user, create an inbox rule with ForwardTo/RedirectTo to an external address, and separately set Set-Mailbox -ForwardingSmtpAddress to an external address.
2. Confirm the near-real-time Sentinel analytics rule Q7 fires on the audit events.
3. Verify the incident severity is High.
4. Confirm the automation rule disables the offending rule and forces a password reset.
5. Send a test message that would auto-forward externally and confirm the Exchange mail-flow rule blocks it.
6. Test the per-exception approval path for an approved external forward.","1. Q7 raises a High-severity incident on both the inbox-rule forward and the mailbox ForwardingSmtpAddress event.
2. The automation rule disables the forwarding rule and triggers a forced password reset.
3. The Exchange mail-flow rule blocks external auto-forwarded mail by default.
4. An approved exception is allowed through the per-exception approval path.
5. The external-forward leak class is demonstrably mitigated."
"As a security admin, I want a tiered human-approval gate for actions touching VIP mailboxes (VIP / Two-Stage Approval / Playbook P6), so that high-sensitivity actions follow a tiered-approval governance model with full audit.","1. Add a test mailbox to the VIP_Users watchlist.
2. Trigger a remediation action (e.g. from P1) against that VIP mailbox.
3. Confirm the Sentinel incident condition detects the VIP_Users match.
4. Verify a Teams adaptive-card approval is sent to SOC L1.
5. Let the approval time out (or choose escalate) and confirm escalation to SOC Manager / Legal.
6. Approve and confirm the action proceeds.
7. Verify every state transition is logged to the ApprovalAudit_CL table.","1. The VIP_Users watchlist match is detected on the incident.
2. A two-stage approval flow starts with a Teams adaptive card to SOC L1.
3. On timeout or escalate, the request escalates to SOC Manager / Legal.
4. The action only proceeds after approval.
5. Every state transition is written to the custom ApprovalAudit_CL Sentinel table.
6. P6 is correctly invoked when called via HTTP from P1."
"As a security admin, I want full remediation coverage when a phish was sent to a distribution list including nested DLs (DL-Expand-Remediate / Playbook P5), so that I have audit-grade proof that every DL member was covered.","1. Send a test phish to a distribution list that contains a nested DL.
2. Trigger Playbook P5.
3. Confirm the Logic App resolves members via Graph transitiveMembers.
4. Verify the 500-member safety cap is enforced.
5. Confirm delivery is checked per member (Q8).
6. Verify Take Action runs across the resolved cluster.","1. P5 resolves all DL members including nested DLs via transitiveMembers.
2. The 500-member safety cap is enforced and reported when reached.
3. Per-member delivery is confirmed via Q8.
4. Take Action runs across the full member cluster.
5. Audit-grade coverage proof is produced showing every member was accounted for."
"As a security admin, I want incident severity boosted based on who reported or who was targeted (Reporter / VAP prioritisation / Sentinel watchlist plus automation rule), so that VIP-targeted and high-value-reporter incidents are prioritised.","1. Populate the VIP_Users and Frequent_Reporters watchlists with test entries.
2. Generate an incident targeting a VIP_Users entry.
3. Confirm the automation rule raises the incident severity.
4. Generate an incident reported by a Frequent_Reporters entry.
5. Verify reporter-volume throttling applies for a high-volume reporter.","1. Incidents targeting VIP_Users entries have their severity boosted by the automation rule.
2. Incidents from Frequent_Reporters are prioritised correctly.
3. Reporter-volume throttling limits noise from high-volume reporters.
4. Severity adjustment reflects the watchlist driver accurately."
"As a security admin, I want to see whether each recipient read the message before it was pulled (Read-status visibility / KQL Q6 plus Logic App into workbook), so that I have investigation context that EmailEvents alone cannot provide.","1. Deliver a test phish to multiple recipients; have some read it and others leave it unread.
2. Trigger the read-status Logic App.
3. Confirm it fans out per recipient via Graph /messages?$select=isRead.
4. Verify app-only Mail.Read access is correctly scoped by the Application Access Policy.
5. Confirm results aggregate into the Sentinel workbook tile.","1. The Logic App retrieves isRead status per recipient.
2. Read vs unread status matches the actual test state for each recipient.
3. The Application Access Policy correctly scopes app-only Mail.Read access.
4. The Sentinel workbook tile aggregates and displays per-recipient read status.
5. No mailbox outside the policy scope is accessible."
"As a security admin, I want policy-gated automatic hard-delete for high-confidence clusters (Auto-hard-delete playbook / extension of P1), so that high-confidence phish can be hard-deleted automatically as TRAP supported, beyond the soft-delete-only AIR baseline.","1. Configure the governance approval gate for hard-delete.
2. Generate a high-confidence phish cluster that meets the auto-hard-delete policy.
3. Confirm the Sentinel automation rule invokes the Take Action API with hardDelete.
4. Verify the approval gate is enforced before hard-delete proceeds.
5. Confirm a low-confidence cluster does NOT trigger auto-hard-delete (defaults to soft-delete).","1. High-confidence clusters meeting policy trigger the hardDelete Take Action call.
2. The approval gate is enforced per governance before any hard-delete.
3. Low-confidence clusters remain on the conservative soft-delete default.
4. Hard-delete actions are logged and auditable."
"As a security admin, I want resilience when AIR's investigation queue falls behind during campaign storms (AIR storm fallback / Sentinel rule Q11 plus scheduled hunt), so that remediation still happens at scale when over 50 simultaneous investigations overwhelm AIR.","1. Simulate a campaign storm of over 50 simultaneous investigations.
2. Confirm the volumetric-anomaly analytics rule Q11 fires at severity High and pages on-call.
3. Verify the scheduled hunt (Q1 and Q3) runs.
4. Withhold an AIR recommended action for over 5 minutes.
5. Confirm the scheduled hunt fires the same Take Action call directly when AIR has not produced an action within 5 minutes.","1. Q11 detects the volumetric anomaly, raises a High-severity incident, and pages on-call.
2. The scheduled hunt enumerates affected mail via Q1 and Q3.
3. When AIR has not produced a recommended action within 5 minutes, the hunt fires the Take Action call directly.
4. Remediation completes despite AIR being backed up, with no duplicate actions once AIR catches up."
"As a security admin, I want analyst-defined campaign clustering beyond the native Campaigns view (Custom campaign clustering / KQL Q3 plus workbook), so that I can cluster on custom heuristics and retain history beyond the 30-day Campaigns window.","1. Generate several test messages sharing subject, sender domain, URL host, and attachment hash characteristics.
2. Run the KQL Q3 clustering query.
3. Confirm grouping occurs on hashed subject, sender domain, URL host, and attachment hash.
4. Verify clusters persist in the Sentinel workbook.
5. Confirm history is retained beyond the 30-day native Campaigns window.","1. Q3 groups related messages by the defined heuristics.
2. Clusters render correctly in the Sentinel workbook.
3. Cluster history persists beyond 30 days.
4. Custom-defined clusters match analyst expectations for the seeded test data."
"As a security admin, I want incidents auto-enriched with external threat context (Incident enrichment playbooks / per F7), so that analysts get VirusTotal, MDTI, AbuseIPDB, and WHOIS context attached automatically.","1. Raise a test incident containing a sender, URL, IP, and file entity.
2. Confirm the Sentinel automation rule triggers the enrichment Logic App.
3. Verify connectors call VirusTotal, MDTI, AbuseIPDB, and WHOIS.
4. Confirm the enrichment is posted as an incident comment.
5. Test behaviour when a connector is unavailable or rate-limited.","1. The enrichment Logic App is triggered by the automation rule.
2. VirusTotal, MDTI, AbuseIPDB, and WHOIS context is retrieved for the relevant entities.
3. The enrichment is posted as a readable incident comment.
4. A connector failure degrades gracefully without failing the whole enrichment."
"As a security admin, I want our use of the Graph threatSubmission API isolated behind one internal client library (Submissions API thin-client wrapper), so that a beta schema change is a single update rather than a sweep across playbooks.","1. Identify all playbooks that submit via the Graph threatSubmission API.
2. Confirm each calls the shared internal client library rather than the Graph endpoint directly.
3. Submit a test threat via a playbook and confirm it reaches Microsoft.
4. Simulate a schema/version change in the wrapper and confirm only the wrapper needs updating.","1. All playbooks route threatSubmission calls through the single internal client library.
2. A test submission via the wrapper succeeds end-to-end.
3. A simulated schema change requires only a single wrapper update, with no playbook-level changes.
4. No playbook calls the /beta Graph endpoint directly."
"As a security admin, I want a shared abuse mailbox polled and submitted to Microsoft with a thanks reply (Custom Abuse-Mailbox Ingest / Playbook P7), so that environments where the built-in Report button cannot reach (legacy/hybrid clients) still have a reporting path.","1. Send a test phishing report into the shared abuse mailbox from a legacy/hybrid client.
2. Confirm the Logic App (Office 365 Outlook connector, per-user OAuth on the SOC service account) polls and picks up the message.
3. Verify the message is submitted to Microsoft via Graph.
4. Confirm a thanks reply is sent back to the reporter.","1. P7 polls the shared abuse mailbox and ingests the reported message.
2. The message is submitted to Microsoft via Graph threatSubmission.
3. The reporter receives a thanks reply.
4. The flow works for clients that cannot use the built-in Report button."
"As a security admin, I want single-console remediation across multiple tenants (Cross-tenant remediation fan-out / per I2/I3), so that a multi-tenant or MSSP estate can act from a unified SOC despite no Microsoft API spanning tenants in one call.","1. Configure per-tenant Sentinel and playbook copies (or a central service-principal fan-out from a management tenant).
2. Raise a phish incident in tenant A and another in tenant B.
3. Trigger the cross-tenant fan-out from the central console.
4. Confirm remediation executes in each tenant independently.
5. Verify central reporting aggregates the outcomes from all tenants.","1. The fan-out invokes the correct per-tenant playbook/service principal for each tenant.
2. Remediation completes independently in tenant A and tenant B.
3. No action leaks across tenant boundaries.
4. Central reporting aggregates results from all tenants into a single view."
